{"cameraMode":{"drawMode":0,"name":"Shaded","section":"Shading Mode"},"sceneLighting":true,"audioPlay":false,"sceneViewState":{"m_AlwaysRefresh":false,"showFog":true,"showSkybox":true,"showFlares":true,"showImageEffects":true,"showParticleSystems":true,"showVisualEffectGraphs":true,"m_FxEnabled":true},"in2DMode":false,"pivot":{"x":-1.098952293395996,"y":13.112302780151368,"z":-8.982271194458008},"rotation":{"x":0.09213150292634964,"y":-0.08895133435726166,"z":0.008017350919544697,"w":0.9919359683990479},"size":7.216141223907471,"orthographic":true}