{"cameraMode":{"drawMode":0,"name":"Shaded","section":"Shading Mode"},"sceneLighting":true,"audioPlay":false,"sceneViewState":{"m_AlwaysRefresh":false,"showFog":true,"showSkybox":true,"showFlares":true,"showImageEffects":true,"showParticleSystems":true,"showVisualEffectGraphs":true,"m_FxEnabled":true},"in2DMode":false,"pivot":{"x":488.0797119140625,"y":255.4873046875,"z":0.3217296600341797},"rotation":{"x":0.0009115262073464692,"y":0.9923205375671387,"z":0.007132736034691334,"w":-0.12388385087251663},"size":3.425217628479004,"orthographic":false}