{"cameraMode":{"drawMode":0,"name":"Shaded","section":"Shading Mode"},"sceneLighting":false,"audioPlay":false,"sceneViewState":{"m_AlwaysRefresh":false,"showFog":true,"showSkybox":false,"showFlares":true,"showImageEffects":true,"showParticleSystems":true,"showVisualEffectGraphs":true,"m_FxEnabled":true},"in2DMode":false,"pivot":{"x":484.6368713378906,"y":255.25860595703126,"z":4.930645942687988},"rotation":{"x":0.0009115262073464692,"y":0.9923205375671387,"z":0.007132736034691334,"w":-0.12388385087251663},"size":1.1334123611450196,"orthographic":false}